{"cameraMode":{"drawMode":0,"name":"Shaded","section":"Shading Mode"},"sceneLighting":false,"audioPlay":false,"sceneViewState":{"showFog":false,"showMaterialUpdate":false,"showSkybox":false,"showFlares":false,"showImageEffects":false,"showParticleSystems":false},"in2DMode":false,"pivot":{"x":-0.618377685546875,"y":1.8922951221466065,"z":4.667821407318115},"rotation":{"x":0.0801670029759407,"y":-0.9048445224761963,"z":0.1965530514717102,"w":0.3690858483314514},"size":5.303254127502441,"orthographic":false}