{"cameraMode":{"drawMode":0,"name":"Shaded","section":"Shading Mode"},"sceneLighting":false,"audioPlay":false,"sceneViewState":{"showFog":false,"showMaterialUpdate":false,"showSkybox":false,"showFlares":false,"showImageEffects":false,"showParticleSystems":false},"in2DMode":false,"pivot":{"x":5.960464477539063e-8,"y":1.8299999237060547,"z":5.505000114440918},"rotation":{"x":0.38707879185676577,"y":0.44614747166633608,"z":-0.22265422344207765,"w":0.7756099104881287},"size":3.2032532691955568,"orthographic":false}