{"cameraMode":{"drawMode":0,"name":"Shaded","section":"Shading Mode"},"sceneLighting":true,"audioPlay":false,"sceneViewState":{"showFog":false,"showMaterialUpdate":false,"showSkybox":false,"showFlares":false,"showImageEffects":false,"showParticleSystems":false},"in2DMode":false,"pivot":{"x":-15.96733283996582,"y":-0.1637582778930664,"z":-12.30214786529541},"rotation":{"x":0.0684446468949318,"y":-0.7417003512382507,"z":0.07658981531858444,"w":0.6628208160400391},"size":33.69530487060547,"orthographic":false}